iter	RMSE
0	0.2884029971
1	0.2881362468
2	0.2879308182
3	0.287667298
4	0.2874060336
5	0.2871561569
6	0.2868989249
7	0.2866486223
8	0.2863952922
9	0.2861525299
10	0.2858932632
11	0.2856400969
12	0.2853623674
13	0.2851132073
14	0.2848630162
15	0.2846210834
16	0.28435463
17	0.2840998403
18	0.2838482615
19	0.283620928
20	0.2833592108
21	0.2830947601
22	0.2828464264
23	0.282623733
24	0.2823579476
