n_restarts_optimizer,Train r2,Val r2,Test r2,Train RMSE,Val RMSE,Test RMSE,Train MAPE,Val MAPE,Test MAPE,Time,random_state,Precedence
0.0,0.99975,-2.796681,-3.858527,0.004565,0.586819,0.603821,,,,0.03,42.0,0.0
5.0,0.99975,-2.796681,-3.858527,0.004565,0.586819,0.603821,,,,0.01,42.0,1.0
3.0,0.99975,-2.796681,-3.858527,0.004565,0.586819,0.603821,,,,0.0,42.0,2.0
2.0,0.99975,-2.796681,-3.858527,0.004565,0.586819,0.603821,,,,0.01,42.0,3.0
4.0,0.99975,-2.796681,-3.858527,0.004565,0.586819,0.603821,,,,0.01,42.0,4.0
1.0,0.99975,-2.796681,-3.858527,0.004565,0.586819,0.603821,,,,0.04,42.0,5.0
